{
  "pr_auc": 0.9957708504087484,
  "recall": 1.0,
  "precision": 0.9682539682539683,
  "f2_score": 0.993485342019544,
  "f1_score": 0.9838709677419355,
  "total_cost": 10.0,
  "cost_fn_ratio": 10.0,
  "fn_cost": 0.0,
  "fp_cost": 10.0,
  "confusion_matrix": {
    "tn": 170569,
    "fp": 10,
    "fn": 0,
    "tp": 305
  },
  "specificity": 0.9999413761365702,
  "roc_auc": 0.999993810857697,
  "accuracy": 0.9999414807705812,
  "threshold": 0.9662544131278992
}