{
  "V14": 1.7590221166610718,
  "V4": 1.5289263725280762,
  "V12": 0.8577262163162231,
  "V10": 0.6654448509216309,
  "V8": 0.5101596117019653,
  "V1": 0.468843936920166,
  "V11": 0.4411153793334961,
  "V3": 0.43644991517066956,
  "V12_amount": 0.42417922616004944,
  "V18": 0.41559937596321106,
  "V19": 0.4134872853755951,
  "V7": 0.39176303148269653,
  "log_amount": 0.37995612621307373,
  "V26": 0.3649144172668457,
  "V12_hour": 0.3550214171409607,
  "V22": 0.3442309498786926,
  "V21": 0.33766528964042664,
  "V17": 0.3001251518726349,
  "V25": 0.2866382896900177,
  "V28": 0.27492040395736694,
  "V16": 0.2678678631782532,
  "V23": 0.25264763832092285,
  "V13": 0.24889206886291504,
  "V24": 0.2454441785812378,
  "V5": 0.2420443296432495,
  "V15": 0.23337851464748383,
  "V2": 0.22874005138874054,
  "V11_hour": 0.22388331592082977,
  "V20": 0.21808317303657532,
  "V6": 0.2134445607662201,
  "sin_hour": 0.21204818785190582,
  "V27": 0.1649927943944931,
  "Hour": 0.16326676309108734,
  "V9": 0.14729896187782288,
  "cos_hour": 0.13892392814159393,
  "V7_amount": 0.13582152128219604,
  "amount_bin": 0.01212909072637558
}