{
  "pr_auc": 0.7613739617919879,
  "recall": 0.819672131147541,
  "precision": 0.6648936170212766,
  "f2_score": 0.7832080200501254,
  "f1_score": 0.7342143906020558,
  "total_cost": 676.0,
  "cost_fn_ratio": 10.0,
  "fn_cost": 550.0,
  "fp_cost": 126.0,
  "confusion_matrix": {
    "tn": 170453,
    "fp": 126,
    "fn": 55,
    "tp": 250
  },
  "specificity": 0.9992613393207839,
  "roc_auc": 0.9901312396092806,
  "accuracy": 0.99894080194752,
  "threshold": 0.9986005420704818
}