{
  "pr_auc": 0.5067185794301259,
  "recall": 0.7836065573770492,
  "precision": 0.5872235872235873,
  "f2_score": 0.734480639213276,
  "f1_score": 0.6713483146067416,
  "total_cost": 828.0,
  "cost_fn_ratio": 10.0,
  "fn_cost": 660.0,
  "fp_cost": 168.0,
  "confusion_matrix": {
    "tn": 170411,
    "fp": 168,
    "fn": 66,
    "tp": 239
  },
  "specificity": 0.9990151190943786,
  "roc_auc": 0.994140689007228,
  "accuracy": 0.9986306500316003,
  "threshold": 1.0
}