{
  "V14": 348.7160954643497,
  "V17": 332.1126101417155,
  "V5": 326.8103050164389,
  "V20": 15.620173991102622,
  "V18": 11.901766257760654,
  "V9": 9.37273364692701,
  "V11": 7.555307864373028,
  "V12_hour": 5.409004936634801,
  "V27": 5.301133759143128,
  "V6": 3.7900300694714155,
  "V28": 1.3356083282121642,
  "V12": 1.286564472032212,
  "V4": 1.2045402008767556,
  "V10": 0.8140500769562148,
  "V8": 0.7021733417184222,
  "log_amount": 0.6770312911603296,
  "V21": 0.5634735365874824,
  "V7": 0.4599511569747923,
  "V13": 0.3794597803860744,
  "V3": 0.30858358116858053,
  "V15": 0.2926738968936899,
  "V16": 0.26072746048904166,
  "cos_hour": 0.2532619906190717,
  "V19": 0.19344452206732024,
  "V1": 0.1552579788637081,
  "V26": 0.08340389158630815,
  "V7_amount": 0.027496958997109276,
  "V12_amount": 0.024335753090495956,
  "V24": 0.01937252519565534,
  "Hour": 0.018151227104014813,
  "V25": 0.011341390649495983,
  "V23": 0.002772363222283952,
  "sin_hour": 0.0011115266504082124,
  "V2": 0.0,
  "amount_bin": 0.0,
  "V22": 0.0,
  "V11_hour": 0.0
}