{
  "pr_auc": 0.7362061081462489,
  "recall": 0.8556701030927835,
  "precision": 0.6014492753623188,
  "f2_score": 0.7889733840304183,
  "f1_score": 0.7063829787234043,
  "total_cost": 195.0,
  "cost_fn_ratio": 10.0,
  "fn_cost": 140.0,
  "fp_cost": 55.0,
  "confusion_matrix": {
    "tn": 56808,
    "fp": 55,
    "fn": 14,
    "tp": 83
  },
  "specificity": 0.9990327629565798,
  "roc_auc": 0.9802249428949413,
  "accuracy": 0.9987886235955056,
  "threshold": 0.41900389472898353
}