{
  "V14": 0.22032655399966605,
  "V4": 0.1251221540435202,
  "V12": 0.04713647416468535,
  "V17": 0.046592037180848186,
  "V8": 0.04508752872415481,
  "V13": 0.03055630383316309,
  "V3": 0.024986617420279154,
  "V1": 0.023257789034779753,
  "V7_amount": 0.021634342519207466,
  "V12_amount": 0.018761997108585067,
  "V18": 0.017803910946692356,
  "V11": 0.01555178805413051,
  "V12_hour": 0.01465758586645229,
  "V10": 0.013724801229921542,
  "V5": 0.012013988378608313,
  "sin_hour": 0.009018565169487212,
  "V11_hour": 0.008853440995675078,
  "V21": 0.007589934861309808,
  "V26": 0.007547432934748528,
  "V9": 0.006779492720263695,
  "V19": 0.006695074575424897,
  "Hour": 0.006228823295975291,
  "V25": 0.004748027234873991,
  "V23": 0.003999971214265161,
  "V24": 0.003433056079912382,
  "amount_bin": 0.0032496310415689846,
  "V16": 0.0029213312996926224,
  "V7": 0.0022758243298382354,
  "V20": 0.001876432220122832,
  "cos_hour": 0.001606048899109565,
  "V28": 0.0013015878604452215,
  "V15": 0.00062012682831145,
  "log_amount": 0.00027112240522436394,
  "V6": 0.00021518876721035883,
  "V2": 0.0,
  "V27": 0.0,
  "V22": 0.0
}