{
  "pr_auc": 0.848712354610504,
  "recall": 0.8556701030927835,
  "precision": 0.8645833333333334,
  "f2_score": 0.8574380165289256,
  "f1_score": 0.8601036269430051,
  "total_cost": 153.0,
  "cost_fn_ratio": 10.0,
  "fn_cost": 140.0,
  "fp_cost": 13.0,
  "confusion_matrix": {
    "tn": 56850,
    "fp": 13,
    "fn": 14,
    "tp": 83
  },
  "specificity": 0.9997713803351916,
  "roc_auc": 0.9862915225253825,
  "accuracy": 0.9995259831460674,
  "threshold": 0.9662544131278992
}