{
  "V14": 1.8539828062057495,
  "V4": 1.4563474655151367,
  "V12": 0.8519790172576904,
  "V10": 0.6781566739082336,
  "V8": 0.5173755884170532,
  "V1": 0.4585467278957367,
  "V3": 0.45028507709503174,
  "V19": 0.4159333109855652,
  "V12_amount": 0.40972262620925903,
  "V11": 0.40335625410079956,
  "V18": 0.3980094790458679,
  "log_amount": 0.39500731229782104,
  "V7": 0.3755369186401367,
  "V26": 0.373680055141449,
  "V12_hour": 0.354446142911911,
  "V21": 0.34347859025001526,
  "V22": 0.3282363712787628,
  "V17": 0.29690948128700256,
  "V13": 0.28566738963127136,
  "V25": 0.273051381111145,
  "V24": 0.266109436750412,
  "V28": 0.26184046268463135,
  "V5": 0.2576238214969635,
  "V23": 0.2495344579219818,
  "V15": 0.2476079761981964,
  "V16": 0.24363404512405396,
  "V20": 0.22981078922748566,
  "V11_hour": 0.2232237458229065,
  "V6": 0.21713635325431824,
  "V2": 0.21574029326438904,
  "sin_hour": 0.21255214512348175,
  "V9": 0.1611115038394928,
  "Hour": 0.1551881730556488,
  "V27": 0.14355714619159698,
  "cos_hour": 0.14250817894935608,
  "V7_amount": 0.12632033228874207,
  "amount_bin": 0.01363377831876278
}