{
  "pr_auc": 0.9198878076404358,
  "recall": 0.9770491803278688,
  "precision": 0.873900293255132,
  "f2_score": 0.9545163356822549,
  "f1_score": 0.9226006191950464,
  "total_cost": 113.0,
  "cost_fn_ratio": 10.0,
  "fn_cost": 70.0,
  "fp_cost": 43.0,
  "confusion_matrix": {
    "tn": 170536,
    "fp": 43,
    "fn": 7,
    "tp": 298
  },
  "specificity": 0.9997479173872517,
  "roc_auc": 0.9999130252517967,
  "accuracy": 0.999707403852906,
  "threshold": 0.749016284942627
}