{
  "V14": 0.9331480264663696,
  "V4": 0.41981661319732666,
  "V12": 0.34612202644348145,
  "V10": 0.23164691030979156,
  "V11": 0.1894664615392685,
  "V3": 0.12550173699855804,
  "V12_amount": 0.11855591088533401,
  "V12_hour": 0.10604964196681976,
  "V17": 0.09542848914861679,
  "V11_hour": 0.08284705877304077,
  "V8": 0.0823151171207428,
  "V1": 0.06801947206258774,
  "V19": 0.06589262187480927,
  "V18": 0.05944296345114708,
  "V13": 0.04823879525065422,
  "V21": 0.04157283157110214,
  "V7_amount": 0.037562571465969086,
  "V7": 0.03559558093547821,
  "V26": 0.02896331064403057,
  "log_amount": 0.0274216178804636,
  "sin_hour": 0.02550741843879223,
  "V20": 0.02518717385828495,
  "V16": 0.023804016411304474,
  "V25": 0.02328440546989441,
  "V23": 0.022737639024853706,
  "V5": 0.02272271364927292,
  "V27": 0.021142464131116867,
  "V15": 0.020201800391077995,
  "V28": 0.01935356669127941,
  "V9": 0.018523165956139565,
  "V22": 0.0179855078458786,
  "V2": 0.015603975392878056,
  "Hour": 0.015541184693574905,
  "cos_hour": 0.011032345704734325,
  "V24": 0.009882038459181786,
  "V6": 0.009428801946341991,
  "amount_bin": 0.004039239604026079
}