{
  "pr_auc": 0.7230316352076498,
  "recall": 0.8,
  "precision": 0.6605504587155964,
  "f2_score": 0.767590618336887,
  "f1_score": 0.7236180904522613,
  "total_cost": 217.0,
  "cost_fn_ratio": 10.0,
  "fn_cost": 180.0,
  "fp_cost": 37.0,
  "confusion_matrix": {
    "tn": 56833,
    "fp": 37,
    "fn": 18,
    "tp": 72
  },
  "specificity": 0.9993493933532618,
  "roc_auc": 0.9609034249653206,
  "accuracy": 0.9990344101123596,
  "threshold": 0.9954667046593235
}