{
  "pr_auc": 0.729230021426538,
  "recall": 0.8,
  "precision": 0.6666666666666666,
  "f2_score": 0.7692307692307693,
  "f1_score": 0.7272727272727273,
  "total_cost": 216.0,
  "cost_fn_ratio": 10.0,
  "fn_cost": 180.0,
  "fp_cost": 36.0,
  "confusion_matrix": {
    "tn": 56834,
    "fp": 36,
    "fn": 18,
    "tp": 72
  },
  "specificity": 0.9993669773166872,
  "roc_auc": 0.9775731199812439,
  "accuracy": 0.9990519662921349,
  "threshold": 0.41900389472898353
}