{
  "V14": 0.20838696843701526,
  "V4": 0.12514528065012884,
  "V17": 0.04319146893392879,
  "V12": 0.042218398018654936,
  "V8": 0.04215821084204148,
  "V13": 0.030432523075198073,
  "V1": 0.023858016604078127,
  "V3": 0.02104481833185891,
  "V12_amount": 0.01871189084540841,
  "V18": 0.018180501586285813,
  "V7_amount": 0.017726169242873204,
  "V12_hour": 0.015588831739708884,
  "V10": 0.015534561993283796,
  "V11": 0.014041599062479553,
  "V5": 0.011282722103398337,
  "V26": 0.00805402978288883,
  "V11_hour": 0.007855163605029887,
  "sin_hour": 0.0074370055581353435,
  "V19": 0.006076475009899916,
  "V21": 0.005770357123684597,
  "Hour": 0.005468611835761917,
  "V9": 0.0054538535416942336,
  "V25": 0.004652027304692267,
  "V23": 0.004230449336782529,
  "V16": 0.003644491435050178,
  "V24": 0.0027460592336251083,
  "amount_bin": 0.0023452772332933506,
  "V7": 0.001961201282112877,
  "cos_hour": 0.0014173260443775982,
  "V28": 0.0013429000621216543,
  "V20": 0.0012684717019515886,
  "V15": 0.0006665973315215339,
  "log_amount": 0.0003640348707106227,
  "V6": 0.00023069803847054301,
  "V2": 0.0,
  "V27": 0.0,
  "V22": 0.0
}