{
  "pr_auc": 0.986528290640202,
  "recall": 0.8428797561118603,
  "precision": 0.9907656260767693,
  "f2_score": 0.8688163985544907,
  "f1_score": 0.9108590978205778,
  "total_cost": 26934.0,
  "cost_fn_ratio": 10.0,
  "fn_cost": 26800.0,
  "fp_cost": 134.0,
  "confusion_matrix": {
    "tn": 170445,
    "fp": 134,
    "fn": 2680,
    "tp": 14377
  },
  "specificity": 0.99921444023004,
  "roc_auc": 0.9982959723220275,
  "accuracy": 0.9850028779125541,
  "threshold": 0.41900389472898353
}