{
  "V14": 0.2951888563786516,
  "V4": 0.1458353179599028,
  "V12": 0.05536603395247929,
  "V17": 0.05483123226567355,
  "V8": 0.04730878113359392,
  "V13": 0.031892577622672384,
  "V3": 0.0263899883327701,
  "V1": 0.024192217033237845,
  "V12_amount": 0.02043845266738697,
  "V11": 0.018626607026126642,
  "V18": 0.018559149886591512,
  "V10": 0.01670307742325315,
  "V7_amount": 0.015315500801933843,
  "V12_hour": 0.014524707834144161,
  "V21": 0.01230607474487665,
  "V5": 0.011313084864567327,
  "V11_hour": 0.01010952611452255,
  "V26": 0.00784250261987952,
  "V9": 0.007069440628345992,
  "sin_hour": 0.006950012425229926,
  "V25": 0.005922846027840797,
  "V19": 0.0055443312294949755,
  "Hour": 0.004793738251317709,
  "amount_bin": 0.003995757692993764,
  "V23": 0.003732803630218828,
  "V16": 0.0036154435788058824,
  "V24": 0.0029751273800806308,
  "V7": 0.0023592913396357144,
  "V20": 0.002221931958246066,
  "V28": 0.001478048423411714,
  "cos_hour": 0.0012307267964500781,
  "V6": 0.0008724784690554302,
  "V15": 0.0007687784493643842,
  "log_amount": 0.0004362020241281896,
  "V2": 0.0,
  "V27": 0.0,
  "V22": 0.0
}