{
  "pr_auc": 0.6987545251693837,
  "recall": 0.845360824742268,
  "precision": 0.640625,
  "f2_score": 0.7945736434108527,
  "f1_score": 0.7288888888888889,
  "total_cost": 196.0,
  "cost_fn_ratio": 10.0,
  "fn_cost": 150.0,
  "fp_cost": 46.0,
  "confusion_matrix": {
    "tn": 56817,
    "fp": 46,
    "fn": 15,
    "tp": 82
  },
  "specificity": 0.9991910381091396,
  "roc_auc": 0.97013113993826,
  "accuracy": 0.9989290730337078,
  "threshold": 0.9981787900554681
}