{
  "V17": 1795.7275161125235,
  "V5": 1215.9999351059123,
  "V14": 572.8995595342105,
  "V18": 25.756154829109445,
  "V11": 23.541688192631355,
  "V27": 11.052266074209856,
  "V9": 9.094506958653382,
  "V20": 8.59876335729099,
  "V12_hour": 8.510282041049035,
  "V6": 2.140149758649075,
  "V28": 1.9736817194158225,
  "V4": 1.3684808583273567,
  "V7": 1.1400477428971103,
  "V8": 0.9988142443780311,
  "V12": 0.81960397851095,
  "log_amount": 0.6838055744890288,
  "V21": 0.5793480427420021,
  "V13": 0.5377528366552243,
  "V10": 0.4039525473385946,
  "V15": 0.30655798401256334,
  "V16": 0.283685952669809,
  "V3": 0.2687929708237003,
  "cos_hour": 0.2507234651318582,
  "V19": 0.21604673334994168,
  "V1": 0.1249281873210556,
  "V26": 0.11733892170666946,
  "V7_amount": 0.029827874075527852,
  "Hour": 0.020298124370561724,
  "V25": 0.01858859597938773,
  "V24": 0.015999230737352287,
  "V12_amount": 0.015199235060713141,
  "V23": 0.005144097458086207,
  "sin_hour": 0.0031725392019093177,
  "V2": 0.0,
  "amount_bin": 0.0,
  "V22": 0.0,
  "V11_hour": 0.0
}