{
  "pr_auc": 0.7293744230603283,
  "recall": 0.8,
  "precision": 0.6857142857142857,
  "f2_score": 0.7741935483870968,
  "f1_score": 0.7384615384615385,
  "total_cost": 213.0,
  "cost_fn_ratio": 10.0,
  "fn_cost": 180.0,
  "fp_cost": 33.0,
  "confusion_matrix": {
    "tn": 56837,
    "fp": 33,
    "fn": 18,
    "tp": 72
  },
  "specificity": 0.9994197292069632,
  "roc_auc": 0.9586829611394408,
  "accuracy": 0.9991046348314607,
  "threshold": 0.9986005420704818
}