{
  "pr_auc": 0.758387592456001,
  "recall": 0.8163934426229508,
  "precision": 0.6821917808219178,
  "f2_score": 0.7854889589905363,
  "f1_score": 0.7432835820895523,
  "total_cost": 676.0,
  "cost_fn_ratio": 10.0,
  "fn_cost": 560.0,
  "fp_cost": 116.0,
  "confusion_matrix": {
    "tn": 170463,
    "fp": 116,
    "fn": 56,
    "tp": 249
  },
  "specificity": 0.9993199631842138,
  "roc_auc": 0.9895801368511624,
  "accuracy": 0.9989934692539969,
  "threshold": 0.9981787900554681
}