{
  "pr_auc": 0.6748370658248818,
  "recall": 0.845360824742268,
  "precision": 0.6259541984732825,
  "f2_score": 0.789980732177264,
  "f1_score": 0.7192982456140351,
  "total_cost": 199.0,
  "cost_fn_ratio": 10.0,
  "fn_cost": 150.0,
  "fp_cost": 49.0,
  "confusion_matrix": {
    "tn": 56814,
    "fp": 49,
    "fn": 15,
    "tp": 82
  },
  "specificity": 0.999138279724953,
  "roc_auc": 0.9694473658971617,
  "accuracy": 0.998876404494382,
  "threshold": 0.9954667046593235
}