{
  "pr_auc": 0.6691678230213226,
  "recall": 0.845360824742268,
  "precision": 0.6307692307692307,
  "f2_score": 0.7915057915057915,
  "f1_score": 0.7224669603524229,
  "total_cost": 198.0,
  "cost_fn_ratio": 10.0,
  "fn_cost": 150.0,
  "fp_cost": 48.0,
  "confusion_matrix": {
    "tn": 56815,
    "fp": 48,
    "fn": 15,
    "tp": 82
  },
  "specificity": 0.9991558658530152,
  "roc_auc": 0.9623720314570505,
  "accuracy": 0.9988939606741573,
  "threshold": 0.9986005420704818
}