{
  "pr_auc": 0.7568707028738898,
  "recall": 0.8229508196721311,
  "precision": 0.6322418136020151,
  "f2_score": 0.7761286332714904,
  "f1_score": 0.7150997150997151,
  "total_cost": 686.0,
  "cost_fn_ratio": 10.0,
  "fn_cost": 540.0,
  "fp_cost": 146.0,
  "confusion_matrix": {
    "tn": 170433,
    "fp": 146,
    "fn": 54,
    "tp": 251
  },
  "specificity": 0.9991440915939243,
  "roc_auc": 0.9902795675942275,
  "accuracy": 0.9988296154116243,
  "threshold": 0.9954667046593235
}