{
  "V14": 402.4208872936969,
  "V17": 323.14500348028105,
  "V5": 315.0277875349127,
  "V11": 162.31893155751158,
  "V18": 108.5992865890888,
  "V27": 61.45862370611809,
  "V12_hour": 46.71147453606297,
  "V20": 16.850365702658628,
  "V9": 10.756665220376386,
  "V6": 2.3532439855800846,
  "V28": 1.9105476025303114,
  "V4": 1.22103141580603,
  "V12": 0.8736728864427152,
  "V8": 0.6774484651657029,
  "log_amount": 0.5202075289762849,
  "V10": 0.44408678195149287,
  "V7": 0.4100823274273285,
  "V13": 0.3826160229939079,
  "V21": 0.3808714344397512,
  "V3": 0.3153260833066753,
  "V15": 0.287826431024749,
  "cos_hour": 0.25553539200394554,
  "V16": 0.17464463483009882,
  "V19": 0.1524904583081542,
  "V1": 0.09759395639510669,
  "V26": 0.08121083073663571,
  "Hour": 0.050914349658844255,
  "V7_amount": 0.028820837991412617,
  "V12_amount": 0.025576773136055133,
  "V24": 0.013807410595975839,
  "V25": 0.010688129740183017,
  "V23": 0.0045476484642484995,
  "sin_hour": 0.00117151661388442,
  "V2": 0.0,
  "amount_bin": 0.0,
  "V22": 0.0,
  "V11_hour": 0.0
}