{
  "pr_auc": 0.7503955402565348,
  "recall": 0.865979381443299,
  "precision": 0.7636363636363637,
  "f2_score": 0.8433734939759037,
  "f1_score": 0.8115942028985508,
  "total_cost": 156.0,
  "cost_fn_ratio": 10.0,
  "fn_cost": 130.0,
  "fp_cost": 26.0,
  "confusion_matrix": {
    "tn": 56837,
    "fp": 26,
    "fn": 13,
    "tp": 84
  },
  "specificity": 0.9995427606703832,
  "roc_auc": 0.9840582655617743,
  "accuracy": 0.9993153089887641,
  "threshold": 0.749016284942627
}