{
  "V14": 0.9634928107261658,
  "V4": 0.40365591645240784,
  "V12": 0.3452971279621124,
  "V10": 0.2407851666212082,
  "V11": 0.18906351923942566,
  "V3": 0.1358240693807602,
  "V12_amount": 0.11535047739744186,
  "V12_hour": 0.10110364854335785,
  "V17": 0.09679689258337021,
  "V8": 0.08075037598609924,
  "V11_hour": 0.08073770999908447,
  "V1": 0.06570321321487427,
  "V19": 0.06178946793079376,
  "V18": 0.06073153764009476,
  "V13": 0.04765797778964043,
  "V21": 0.03961556777358055,
  "V7_amount": 0.035674042999744415,
  "V7": 0.03357035666704178,
  "V26": 0.031496208161115646,
  "log_amount": 0.02938711829483509,
  "V20": 0.0264405757188797,
  "sin_hour": 0.02486308664083481,
  "V5": 0.023610267788171768,
  "V23": 0.023101575672626495,
  "V16": 0.022999772801995277,
  "V22": 0.021687733009457588,
  "V25": 0.02164996974170208,
  "V15": 0.021024877205491066,
  "V9": 0.020970962941646576,
  "V27": 0.018981605768203735,
  "V28": 0.018366588279604912,
  "V2": 0.015085511840879917,
  "Hour": 0.015016577206552029,
  "cos_hour": 0.011042732745409012,
  "V24": 0.010283471085131168,
  "V6": 0.009292475879192352,
  "amount_bin": 0.004697968252003193
}