{
  "pr_auc": 0.7161097283459664,
  "recall": 0.8,
  "precision": 0.6990291262135923,
  "f2_score": 0.7775377969762419,
  "f1_score": 0.7461139896373057,
  "total_cost": 211.0,
  "cost_fn_ratio": 10.0,
  "fn_cost": 180.0,
  "fp_cost": 31.0,
  "confusion_matrix": {
    "tn": 56839,
    "fp": 31,
    "fn": 18,
    "tp": 72
  },
  "specificity": 0.999454897133814,
  "roc_auc": 0.9652023132680773,
  "accuracy": 0.9991397471910113,
  "threshold": 0.9981787900554681
}