{
  "pr_auc": 0.719523912788798,
  "recall": 0.30927835051546393,
  "precision": 0.8571428571428571,
  "f2_score": 0.3546099290780142,
  "f1_score": 0.45454545454545453,
  "total_cost": 675.0,
  "cost_fn_ratio": 10.0,
  "fn_cost": 670.0,
  "fp_cost": 5.0,
  "confusion_matrix": {
    "tn": 56858,
    "fp": 5,
    "fn": 67,
    "tp": 30
  },
  "specificity": 0.9999120693596891,
  "roc_auc": 0.9694599662672683,
  "accuracy": 0.9987359550561797,
  "threshold": 0.9954667046593235
}