{
  "pr_auc": 0.7703953403364401,
  "recall": 0.8222222222222222,
  "precision": 0.8604651162790697,
  "f2_score": 0.8295964125560538,
  "f1_score": 0.8409090909090909,
  "total_cost": 172.0,
  "cost_fn_ratio": 10.0,
  "fn_cost": 160.0,
  "fp_cost": 12.0,
  "confusion_matrix": {
    "tn": 56858,
    "fp": 12,
    "fn": 16,
    "tp": 74
  },
  "specificity": 0.9997889924388957,
  "roc_auc": 0.9819548482894711,
  "accuracy": 0.9995084269662922,
  "threshold": 0.749016284942627
}