{
  "V14": 0.9596965909004211,
  "V4": 0.4219239056110382,
  "V12": 0.3353024125099182,
  "V10": 0.24164657294750214,
  "V11": 0.18057987093925476,
  "V3": 0.11676481366157532,
  "V12_amount": 0.11030922830104828,
  "V12_hour": 0.09755341708660126,
  "V17": 0.09684042632579803,
  "V11_hour": 0.07693514227867126,
  "V8": 0.07546494156122208,
  "V1": 0.07071567326784134,
  "V19": 0.058142438530921936,
  "V18": 0.05627923458814621,
  "V13": 0.04631815478205681,
  "V21": 0.039281316101551056,
  "V7_amount": 0.034350212663412094,
  "V7": 0.033492736518383026,
  "V26": 0.031117450445890427,
  "log_amount": 0.02781502529978752,
  "sin_hour": 0.02528815157711506,
  "V20": 0.025196922942996025,
  "V25": 0.023738395422697067,
  "V16": 0.02331634983420372,
  "V5": 0.022252509370446205,
  "V23": 0.02151385508477688,
  "V9": 0.020372606813907623,
  "V15": 0.01981959491968155,
  "V28": 0.018734702840447426,
  "V27": 0.01859721541404724,
  "V22": 0.018531501293182373,
  "Hour": 0.015554376877844334,
  "V2": 0.014902056194841862,
  "cos_hour": 0.010193207301199436,
  "V24": 0.008910128846764565,
  "V6": 0.008441946469247341,
  "amount_bin": 0.0038385088555514812
}