{
  "pr_auc": 0.8517393450356188,
  "recall": 0.8111111111111111,
  "precision": 0.9358974358974359,
  "f2_score": 0.8333333333333334,
  "f1_score": 0.8690476190476191,
  "total_cost": 175.0,
  "cost_fn_ratio": 10.0,
  "fn_cost": 170.0,
  "fp_cost": 5.0,
  "confusion_matrix": {
    "tn": 56865,
    "fp": 5,
    "fn": 17,
    "tp": 73
  },
  "specificity": 0.9999120801828733,
  "roc_auc": 0.9861649375769298,
  "accuracy": 0.9996137640449438,
  "threshold": 0.9662544131278992
}