{
  "V14": 1.8017774820327759,
  "V4": 1.5764176845550537,
  "V12": 0.8284888863563538,
  "V10": 0.6804277896881104,
  "V8": 0.5106694102287292,
  "V1": 0.4782761335372925,
  "V19": 0.4126793444156647,
  "V3": 0.39415687322616577,
  "V7": 0.3926020562648773,
  "V11": 0.39127740263938904,
  "V12_amount": 0.38927310705184937,
  "V18": 0.3773355484008789,
  "V26": 0.37509584426879883,
  "log_amount": 0.37430447340011597,
  "V22": 0.3674730360507965,
  "V12_hour": 0.34252139925956726,
  "V21": 0.3413805365562439,
  "V17": 0.3092685639858246,
  "V13": 0.2961832284927368,
  "V25": 0.28441211581230164,
  "V16": 0.2668513059616089,
  "V28": 0.26607462763786316,
  "V5": 0.2549736797809601,
  "V24": 0.24481818079948425,
  "V23": 0.24081018567085266,
  "V15": 0.23636597394943237,
  "sin_hour": 0.22784127295017242,
  "V6": 0.22459153831005096,
  "V20": 0.22210335731506348,
  "V11_hour": 0.22107672691345215,
  "V2": 0.19595594704151154,
  "Hour": 0.16495956480503082,
  "V27": 0.16189192235469818,
  "V9": 0.1550944745540619,
  "V7_amount": 0.1394142210483551,
  "cos_hour": 0.13873915374279022,
  "amount_bin": 0.011755687184631824
}