{
  "pr_auc": 0.9607671341340158,
  "recall": 0.8143284282112916,
  "precision": 0.9910102739726028,
  "f2_score": 0.8444385000729536,
  "f1_score": 0.894023750522962,
  "total_cost": 31796.0,
  "cost_fn_ratio": 10.0,
  "fn_cost": 31670.0,
  "fp_cost": 126.0,
  "confusion_matrix": {
    "tn": 170453,
    "fp": 126,
    "fn": 3167,
    "tp": 13890
  },
  "specificity": 0.9992613393207839,
  "roc_auc": 0.9928245032150934,
  "accuracy": 0.9824500628877187,
  "threshold": 0.9986005420704818
}